CustomerID,MonthlyPrice,TenureMonths,SupportTickets,UsageGB,CompetitorOffer,Churn
CUS0001,57.454011884736246,47,2,107.06680319294189,0,0
CUS0002,115.07143064099162,12,0,42.18913707993302,0,0
CUS0003,93.1993941811405,62,2,444.68846543961223,0,0
CUS0004,79.86584841970367,8,3,215.72586186629562,1,0
CUS0005,35.601864044243655,21,1,253.47880406502395,0,0
CUS0006,35.59945203362027,70,3,459.3016036184488,1,0
CUS0007,25.808361216819947,25,0,390.38233398281443,0,0
CUS0008,106.61761457749351,12,3,73.94561941742026,0,1
CUS0009,80.11150117432088,15,2,287.05578412779374,0,0
CUS0010,90.80725777960456,59,0,226.70361549458397,0,0
CUS0011,22.058449429580243,26,1,400.6334255635938,1,0
CUS0012,116.99098521619943,26,1,364.8739483298551,1,1
CUS0013,103.24426408004217,47,0,348.29880373642527,1,0
CUS0014,41.23391106782761,32,1,176.86696938514947,1,0
CUS0015,38.18249672071006,10,0,404.4322278956347,1,1
CUS0016,38.34045098534338,16,0,35.671734841482,0,0
CUS0017,50.42422429595377,71,0,88.21620170176195,0,0
CUS0018,72.47564316322378,17,0,174.45540375917673,0,0
CUS0019,63.194501864211574,23,1,47.63564612394783,0,0
CUS0020,49.12291401980419,26,2,125.14719599199888,1,0
CUS0021,81.18528947223794,7,0,416.7739816689799,0,1
CUS0022,33.94938606520418,14,0,474.6432535171389,0,0
CUS0023,49.21446485352182,7,1,159.25515432935333,0,1
CUS0024,56.63618432936917,9,1,139.61274395453074,0,0
CUS0025,65.6069984217036,48,1,147.14739960074917,0,0
CUS0026,98.51759613930136,59,0,146.0823528019135,0,0
CUS0027,39.96737821583597,39,1,27.605789271126767,0,0
CUS0028,71.42344384136116,18,3,464.18900970224297,0,0
CUS0029,79.24145688620425,59,2,114.71208936946091,0,0
CUS0030,24.645041271999773,17,0,215.80199629988843,0,0
CUS0031,80.75448519014384,14,1,14.746572543074192,0,1
CUS0032,37.05241236872915,31,1,430.397994548378,0,0
CUS0033,26.50515929852795,24,3,368.26709878290944,0,0
CUS0034,114.88855372533332,60,0,473.91045723511456,0,0
CUS0035,116.56320330745594,45,1,392.99158480623555,0,0
CUS0036,100.83973481164611,3,0,163.71619090551195,0,0
CUS0037,50.46137691733707,37,4,131.45794577692757,0,1
CUS0038,29.767211400638388,43,0,351.88099070111355,0,0
CUS0039,88.42330265121569,40,2,188.41525975514472,0,0
CUS0040,64.01524937396013,55,2,287.44535771878213,1,1
CUS0041,32.20382348447788,39,3,13.066160802970412,0,0
CUS0042,69.51769101112701,15,1,40.32399382343287,1,0
CUS0043,23.43885211152184,4,1,272.33029117900907,0,1
CUS0044,110.9320402078782,25,1,287.3751067596009,0,0
CUS0045,45.877998160001695,13,3,378.2119427850784,0,0
CUS0046,86.2522284353982,33,3,74.66300661574125,0,0
CUS0047,51.17110760894109,16,0,261.4597110408216,0,0
CUS0048,72.00680211778108,42,0,105.27934577152742,0,0
CUS0049,74.67102793432797,66,0,55.6660985857204,0,0
CUS0050,38.485445552552704,55,2,211.14293908967176,0,0
CUS0051,116.95846277645586,42,0,90.03495756363805,0,0
CUS0052,97.51328233611146,34,0,118.6731693142361,0,1
CUS0053,113.9498941564189,30,0,165.60174413605586,0,0
CUS0054,109.48273504276489,13,0,137.10031636416616,0,0
CUS0055,79.78999788110852,13,0,52.919735728913736,1,0
CUS0056,112.18742350231169,18,0,54.05895998125412,1,1
CUS0057,28.84925020519195,32,2,104.6922134647424,1,0
CUS0058,39.59828624191452,39,1,34.77400210017409,0,0
CUS0059,24.522728891053806,46,0,316.9639396416943,1,0
CUS0060,52.53303307632643,29,0,150.79009108936197,1,0
CUS0061,58.8677289689482,62,1,147.0755242068448,0,0
CUS0062,47.13490317738959,62,1,172.67916417650494,0,0
CUS0063,102.87375091519293,57,0,334.7701743627636,1,1
CUS0064,55.67533266935893,16,0,436.61060192691036,0,0
CUS0065,48.093450968738075,56,1,381.9525969522628,0,0
CUS0066,74.26960831582484,10,0,366.4893228102965,0,0
CUS0067,34.092422497476264,30,2,247.35168094441613,0,0
CUS0068,100.21969807540397,25,1,349.96472291403177,1,0
CUS0069,27.455064367977084,5,3,280.85356033645576,0,0
CUS0070,118.68869366005173,65,1,115.96275881139915,0,1
CUS0071,97.22447692966574,49,1,112.20830019311485,0,0
CUS0072,39.87156815341724,3,0,155.23208336888888,0,1
CUS0073,20.55221171236024,45,0,456.2933087752085,0,0
CUS0074,101.54614284548342,14,2,278.2332717860657,0,0
CUS0075,90.68573438476172,30,0,369.61363473091603,1,0
CUS0076,92.90071680409874,68,1,179.8137923101083,0,0
CUS0077,97.12703466859458,18,0,209.78072762596037,0,1
CUS0078,27.404465173409037,62,2,71.52713353225317,0,0
CUS0079,55.84657285442726,37,0,93.93452933261848,0,0
CUS0080,31.58690595251297,25,1,415.4047118648113,1,0
CUS0081,106.31034258755935,48,2,296.5709295275522,1,0
CUS0082,82.32981268275579,65,0,175.39090828307127,1,1
CUS0083,53.08980248526492,53,1,403.3970924078175,0,0
CUS0084,26.355835028602364,15,0,130.79475376261166,0,0
CUS0085,51.098232171566224,49,1,488.2560223140999,0,0
CUS0086,52.518332202674706,68,0,178.9606277956232,0,0
CUS0087,92.96061783380641,12,2,175.28236753410152,1,1
CUS0088,83.75574713552132,59,0,162.83683371298557,1,1
CUS0089,108.72127425763266,37,1,69.83464280290109,1,1
CUS0090,67.22149251619493,61,0,64.45720219268608,1,0
CUS0091,31.95942459383017,43,3,327.57146692172046,1,0
CUS0092,91.3244787222995,70,2,438.80784183344304,0,0
CUS0093,96.07850486168974,39,1,397.35505003312,0,1
CUS0094,76.12771975694962,56,0,79.14272107046203,0,0
CUS0095,97.0967179954561,63,1,277.33523967811254,0,1
CUS0096,69.37955963643907,46,0,61.7398575285536,0,0
CUS0097,72.2732829381994,11,3,32.19437537040795,0,0
CUS0098,62.75410183585496,62,1,331.6290710985359,1,0
CUS0099,22.54191267440952,25,0,272.2246435033717,0,0
CUS0100,30.789142699330444,71,0,50.19160575362072,1,0
CUS0101,23.142918568673426,52,1,27.12023073893434,1,1
CUS0102,83.64104112637804,4,1,494.980642570574,0,1
CUS0103,51.435598107632664,59,1,24.71045275304522,0,0
CUS0104,70.85706911647027,20,1,227.81884399457823,0,0
CUS0105,110.7566473926093,63,0,257.26332205777084,1,0
CUS0106,44.9292229148875,54,0,67.46727242221807,1,0
CUS0107,61.038292303562976,57,0,92.84027143546096,1,0
CUS0108,95.55511385430486,41,1,182.38445314107273,0,1
CUS0109,42.87981654916224,3,0,383.2211793446947,0,0
CUS0110,27.6979909828793,6,1,258.47038778953066,0,0
CUS0111,48.975145291376805,5,2,322.57191853095117,1,0
CUS0112,36.122128725400444,5,1,492.73553199443063,0,0
CUS0113,112.96976523425731,54,1,386.3226633034727,0,0
CUS0114,100.8120379564417,47,1,222.8371340891967,0,0
CUS0115,83.34037565104235,49,1,228.75654168030889,0,0
CUS0116,107.14605901877177,9,0,313.19831775009243,0,1
CUS0117,100.36720768991145,20,0,336.0289521252631,0,0
CUS0118,38.657005888603585,61,2,255.34835365996895,0,0
CUS0119,109.25589984899777,35,3,325.98199917934016,0,0
CUS0120,73.93422419156508,50,1,21.530922262908398,1,0
CUS0121,100.74401551640625,62,2,220.51520330945363,1,0
CUS0122,109.60912999234932,17,1,146.6796572760036,0,0
CUS0123,51.80034749718639,3,3,73.2954781691241,1,1
CUS0124,31.005192452767677,32,1,58.777791276299816,0,0
CUS0125,42.79351625419417,13,0,305.5641611511871,0,0
CUS0126,62.71077886262563,68,1,266.5642681047797,1,0
CUS0127,101.80147659224932,14,2,134.25621732822088,1,1
CUS0128,106.07305832563435,11,0,240.7655287985321,1,1
CUS0129,20.69521305311907,56,1,251.19383443938005,0,0
CUS0130,71.07473025775657,67,4,105.55440041492174,0,0
CUS0131,61.7411003148779,29,0,329.5256003220088,1,0
CUS0132,42.21078104707303,9,3,392.6504846291843,0,1
CUS0133,31.98653673336828,67,0,397.8171350358643,0,0
CUS0134,53.7615171403628,25,0,305.21021704469297,1,0
CUS0135,114.29097039125192,42,1,260.7029054343169,1,1
CUS0136,52.320293202075526,9,2,39.8935000726435,1,1
CUS0137,71.87906217433661,40,1,151.03733643728688,0,0
CUS0138,90.30189588951778,25,2,55.70300892130325,1,1
CUS0139,56.3629602379294,5,1,482.2733488304521,0,1
CUS0140,117.17820827209607,11,0,76.18927165062274,0,0
CUS0141,116.24472949421113,59,1,84.36995082704,0,0
CUS0142,45.17822958253642,38,0,445.8925429819412,0,0
CUS0143,69.72485058923854,5,0,472.52485890346435,0,0
CUS0144,50.087830981676966,48,1,385.2562292251058,0,0
CUS0145,48.48404943774676,18,2,12.648412599608235,0,0
CUS0146,23.68869473545328,70,0,10.659672768716213,0,0
CUS0147,80.95643339798968,37,0,195.2693771958509,0,1
CUS0148,70.26790232288614,60,1,80.26373130533734,0,0
CUS0149,25.147875124998937,48,0,19.00920965428267,0,0
CUS0150,47.86464642366114,28,0,237.39267780820728,1,0
CUS0151,110.82658859666537,69,1,472.10032972941605,1,0
CUS0152,43.95618906669724,40,2,168.6715917021914,0,0
CUS0153,34.48948720912231,45,1,333.9589324300613,1,0
CUS0154,68.94527602775631,62,3,329.59532303489596,0,0
CUS0155,118.56504541106007,58,0,133.0292507959322,0,0
CUS0156,44.205527151150044,67,1,328.7083719236935,1,0
CUS0157,87.21355474058785,56,0,114.04364740057672,0,1
CUS0158,96.16196153287176,40,1,69.78363265267564,1,0
CUS0159,43.763754399239964,40,1,353.67780992424815,0,0
CUS0160,92.82163486118596,33,1,65.5860003809192,1,0
CUS0161,56.77831327192532,6,1,498.4855171087841,0,0
CUS0162,83.23058305935795,19,1,99.89167656361236,0,0
CUS0163,83.35297107608947,40,4,301.12951275066416,0,1
CUS0164,73.57746840747585,59,2,211.5735399921688,1,1
CUS0165,29.02897700544083,59,1,71.92934697877688,0,0
CUS0166,103.5302495589238,48,1,23.643514712932564,1,1
CUS0167,52.07800649717358,41,0,315.1388183234883,0,0
CUS0168,38.651851039985424,13,0,405.31120625667177,0,0
CUS0169,24.077514155476393,45,0,422.5876741383046,0,0
CUS0170,79.08929431882419,53,0,246.52960180769787,0,0
CUS0171,87.75643618422824,42,0,390.95317891936895,1,1
CUS0172,21.658782892785617,63,1,339.6950954093869,0,0
CUS0173,71.2093058299281,27,1,364.88471847457527,0,0
CUS0174,42.649577519793795,38,0,251.3735125586889,0,0
CUS0175,84.51727904094498,60,2,320.37175271864226,0,0
CUS0176,37.436642900499145,7,2,404.70769765226794,1,0
CUS0177,89.09377381024659,5,0,204.9632460229413,0,1
CUS0178,58.67353463005374,45,2,404.929661425116,0,0
CUS0179,113.67299887367345,58,1,300.0882529666408,1,0
CUS0180,33.75209441459933,31,1,91.29150194168525,1,0
CUS0181,54.10663510502585,23,2,22.09523704004646,0,0
CUS0182,31.347352124058908,42,0,187.74926419558452,0,0
CUS0183,112.46936182785628,10,0,277.88120086520655,0,1
CUS0184,107.7339353380981,32,1,421.5119725797093,0,0
CUS0185,45.79416277151556,53,1,72.46798326872063,1,1
CUS0186,85.99840460341791,30,1,402.1011103649538,0,0
CUS0187,101.72222002012158,39,1,432.8744325729412,0,0
CUS0188,75.52008115994623,31,1,83.83686863040856,0,0
CUS0189,72.96505783560065,2,2,427.2812164590673,0,0
CUS0190,44.18522909004517,12,0,495.8122482429681,0,0
CUS0191,29.31027678058992,39,0,366.1510272136364,0,0
CUS0192,109.72157579533267,66,0,394.5371440942441,0,0
CUS0193,110.04180571633304,13,2,497.263481103848,0,0
CUS0194,83.3101457273268,46,2,306.6858127577132,0,0
CUS0195,53.90297910487007,27,0,160.8643271879622,0,0
CUS0196,54.92095746126609,17,2,420.3901086972673,0,0
CUS0197,92.59556788702393,60,0,311.0980309806993,0,0
CUS0198,109.71102599525771,64,2,294.7857576232687,0,0
CUS0199,108.70864242651173,35,1,134.28142220187874,0,0
CUS0200,97.98755458576238,70,0,380.60379209561444,0,0
CUS0201,84.20316461542878,30,0,50.01696517144717,0,0
CUS0202,28.413996499504883,71,2,462.900664689384,1,0
CUS0203,36.162871409461374,63,1,169.65349577753753,1,0
CUS0204,109.85541885270793,28,1,72.60957986709532,1,0
CUS0205,80.64290596595899,60,1,226.7596012201852,0,0
CUS0206,20.919705161662964,37,1,30.810255535701245,1,0
CUS0207,30.14715428660321,22,2,345.4668351898335,0,0
CUS0208,86.35017691080559,68,2,452.3257001182245,0,0
CUS0209,20.50615838462187,20,1,420.2588734978693,0,0
CUS0210,36.08080514174986,68,0,72.41104198946172,1,0
CUS0211,74.87337893665861,64,1,71.87285718278861,0,0
CUS0212,89.18951976926932,17,0,408.5828963388894,0,1
CUS0213,85.19612595026005,12,1,462.8845945555268,1,1
CUS0214,42.426930946055975,22,3,235.72821661840968,1,0
CUS0215,91.2179221347536,17,0,254.4958472877453,0,1
CUS0216,43.724908749680004,10,1,165.94840027900568,0,0
CUS0217,52.539969815926774,65,2,448.18990794564286,0,0
CUS0218,94.64914051180241,22,1,326.00242359325443,1,0
CUS0219,84.96328990472146,50,2,151.24327281201056,0,1
CUS0220,104.9223410494178,14,1,156.40360681658328,0,0
CUS0221,85.76128923003434,64,4,446.68803580116514,1,1
CUS0222,76.83086033354716,47,2,16.68067171385252,0,0
CUS0223,29.36747678280925,29,1,168.13602063605282,0,0
CUS0224,56.77158030594335,36,2,281.63477379602085,0,0
CUS0225,46.520236768172545,52,0,82.62655642866906,0,0
CUS0226,44.39896433790836,7,1,55.128389557799,0,0
CUS0227,117.30105547524455,29,1,409.48540223437436,0,0
CUS0228,59.30977246667604,11,0,448.25815043776856,0,1
CUS0229,109.20465551771133,33,1,413.56714619111284,0,0
CUS0230,83.11386259972629,6,3,450.4060659713004,0,0
CUS0231,99.48113035416485,32,1,281.02486581860205,1,1
CUS0232,70.26370931051922,51,0,408.0064792852675,1,0
CUS0233,77.69038846263591,58,0,198.1808928116392,0,0
CUS0234,69.25176938188639,26,0,336.47125212472884,0,0
CUS0235,39.52429877980445,46,2,494.5294103806906,0,0
CUS0236,92.24521152615053,29,4,120.60658468117244,1,1
CUS0237,48.07723624408558,4,1,201.05087568262948,0,0
CUS0238,22.431596643145383,13,1,245.22321488194194,1,0
CUS0239,84.54722959071678,39,1,77.62758863982535,0,0
CUS0240,37.71106794070489,15,2,49.70891912787782,1,0
CUS0241,114.04585843529144,29,1,416.56420449759594,1,0
CUS0242,115.39285770025873,29,1,488.6292426855172,1,0
CUS0243,111.48643902204485,32,2,208.31528127653274,0,0
CUS0244,57.01587002554444,2,0,52.94841973538011,0,0
CUS0245,21.545661652886743,47,1,42.24776273838248,0,0
CUS0246,112.83185625877253,22,2,446.74592111654636,0,0
CUS0247,62.81841483173143,27,1,237.26898236656316,0,0
CUS0248,116.66548190436696,67,1,166.81338511557203,0,0
CUS0249,116.36199770892529,56,1,243.46602290730576,0,0
CUS0250,105.300945546736,21,1,165.9690063992502,0,1
CUS0251,49.44488920695857,47,1,249.6275299007338,0,0
CUS0252,58.50977286019253,59,2,431.18263448978905,0,0
CUS0253,105.11366715168569,6,1,300.2276718204269,1,1
CUS0254,51.69220051562777,19,0,350.38034867698593,0,0
CUS0255,36.94927466860925,57,1,188.68863135482493,0,0
CUS0256,75.68012624583501,69,1,371.8678804701542,0,0
CUS0257,113.6154774160781,3,3,336.6423715908924,1,1
CUS0258,89.6029796674973,1,1,68.58537889850766,0,1
CUS0259,77.0061170089365,58,0,290.59499802663646,0,0
CUS0260,29.717649377076853,38,1,135.80431319178143,0,0
CUS0261,81.50072266991697,15,2,404.0068781204605,0,0
CUS0262,119.00538501042632,34,0,218.70947714880035,0,0
CUS0263,34.0084015236524,61,0,497.3952409462787,1,0
CUS0264,71.83296523637367,35,2,55.32521459009226,1,0
CUS0265,107.73730719279554,64,0,392.3704527426777,0,0
CUS0266,94.07686177542044,25,0,340.1138494356567,0,0
CUS0267,89.7015740995268,24,1,386.07442698944567,0,1
CUS0268,90.24840839871092,12,1,160.6895997903236,0,0
CUS0269,55.94911512197552,18,1,251.10669979737628,0,0
CUS0270,49.35918442644934,15,2,400.2891746646171,0,0
CUS0271,100.93611554785136,27,0,123.94525249421895,1,0
CUS0272,101.01133946791808,60,1,120.75626642643952,1,1
CUS0273,106.70723185801037,46,0,280.0149671145169,0,0
CUS0274,111.32405525564712,17,3,266.5461539696293,0,0
CUS0275,71.13423988609378,53,1,148.3086105023371,0,0
CUS0276,70.15162946871996,8,0,156.05706875716317,0,1
CUS0277,99.82951789667752,27,1,146.1441299712171,0,0
CUS0278,84.99639307777652,46,2,388.04091037925895,0,0
CUS0279,90.19668772577033,50,1,329.4314241256057,1,1
CUS0280,99.57926694361011,71,0,417.88441987102385,1,0
CUS0281,109.00053418175663,3,2,487.9817838738707,0,1
CUS0282,53.79951568515358,64,2,242.34050517327336,0,0
CUS0283,57.5582952639944,44,1,42.680001888669935,0,0
CUS0284,29.3981939840869,53,2,33.565232101897365,0,0
CUS0285,77.82801409961739,24,0,154.87586924309338,0,0
CUS0286,23.59422737967421,60,1,466.94684878270095,0,0
CUS0287,66.55980181324601,3,1,266.37439693572867,0,0
CUS0288,74.26446347075766,20,3,143.17539287926328,0,0
CUS0289,48.65412521282844,46,1,205.5917293103996,1,0
CUS0290,79.08332605690107,15,0,303.3116026282887,0,0
CUS0291,23.05002499390494,25,1,329.9453324875427,0,0
CUS0292,23.73481887492144,71,2,85.42055979362347,0,0
CUS0293,102.26005606596583,17,1,488.74552150713623,0,0
CUS0294,56.019064141126286,9,0,276.9383912215665,0,0
CUS0295,32.70605126518848,38,3,76.48727571821686,1,0
CUS0296,72.22432600548044,48,2,447.8812741396055,1,0
CUS0297,96.99935530986109,60,1,46.572831228920116,0,1
CUS0298,41.58210274968432,63,1,454.7903622569812,0,0
CUS0299,82.28904758190002,2,2,498.3171715816014,0,0
CUS0300,28.5347464993768,11,2,353.2115815866869,0,0
CUS0301,25.16817211686077,64,1,387.519138326255,1,0
CUS0302,73.1354631568148,21,2,175.27838986906832,0,0
CUS0303,74.06351216101065,18,1,471.37265783962755,0,0
CUS0304,83.74299014982066,64,0,269.55984339310015,0,0
CUS0305,92.60913337226616,38,1,368.8703388328019,0,1
CUS0306,117.58520794625346,32,0,462.81278079652697,1,0
CUS0307,71.63003483011953,11,0,487.83818822799907,0,0
CUS0308,52.2956472941246,45,0,418.2701347323704,1,0
CUS0309,99.51861947687037,33,0,158.4785784211947,0,0
CUS0310,47.083225126207424,41,1,483.60828311052035,1,0
CUS0311,63.89714207056361,8,3,317.7785703093502,0,0
CUS0312,27.845638134226597,11,2,466.01481341246034,0,0
CUS0313,22.53507434154575,51,2,341.2914626490324,1,0
CUS0314,116.26484146779251,41,2,160.54709130538305,0,0
CUS0315,103.59801205122058,17,1,191.31201682997983,0,0
CUS0316,89.59742060936979,46,1,279.73117078044083,0,0
CUS0317,60.89529444142699,32,0,397.1072723643422,1,0
CUS0318,37.32943200708458,54,0,165.81145015676412,0,0
CUS0319,35.6437042671086,20,0,294.0682714057541,1,0
CUS0320,45.024289816459536,33,1,179.35624685243675,0,0
CUS0321,74.92266647061204,40,0,409.7270082712025,0,0
CUS0322,91.45959227000624,32,5,238.69676594629573,1,1
CUS0323,86.01973767177313,2,1,47.59418515791376,0,1
CUS0324,47.993389694594285,33,0,91.36573552595283,1,0
CUS0325,115.48652806631941,30,1,39.941287133619824,1,0
CUS0326,93.78969166957685,33,0,254.65844354701937,0,0
CUS0327,75.43540525114007,26,1,62.10527570063131,0,0
CUS0328,81.17207462343522,22,2,65.92858496171974,0,0
CUS0329,61.96000624277899,66,0,471.11364741880476,1,0
CUS0330,44.773098950115745,38,2,437.60098536626714,1,0
CUS0331,55.597267865126156,46,1,231.52243243756934,0,0
CUS0332,95.78461104643691,15,1,493.0446072166008,0,0
CUS0333,21.439348862975585,44,2,10.091398803624926,0,0
CUS0334,31.607264050691622,49,1,310.84993357396297,1,0
CUS0335,24.600264202175275,61,0,312.04980691221635,0,0
CUS0336,24.072880231897013,67,0,234.14709737624523,0,0
CUS0337,105.54605840110072,6,0,204.5045067378035,0,0
CUS0338,90.36578593800236,9,0,233.13773638549773,1,1
CUS0339,67.41738290873252,6,2,213.33061367904344,0,1
CUS0340,29.78341606510015,32,0,367.94131396632673,0,0
CUS0341,69.16158751168324,41,0,76.32416313690919,0,0
CUS0342,67.34717707805657,8,0,106.84321808965377,0,0
CUS0343,37.32018699100152,50,1,98.45393191228756,1,0
CUS0344,63.385164923797305,62,0,138.6105867094196,1,1
CUS0345,59.85047343973734,62,2,267.37662520297584,0,0
CUS0346,81.58500980522165,7,2,64.49228619572717,0,0
CUS0347,83.50936508676438,4,1,435.402954709987,0,1
CUS0348,24.53040097720445,6,0,155.70715034115145,0,0
CUS0349,57.46126146264712,58,0,89.64361385966684,1,1
CUS0350,82.58599157142363,22,0,341.0544417031392,0,0
CUS0351,70.31362585800878,26,1,28.662287293666445,0,0
CUS0352,105.64898411883223,3,2,313.7845967883404,0,0
CUS0353,85.8693631618945,41,0,352.1172310314849,0,0
CUS0354,36.29344270814297,60,3,115.30910037949239,0,0
CUS0355,27.056874740042986,14,1,30.5623959873808,0,0
CUS0356,84.24192782063156,12,0,188.1862258705303,0,0
CUS0357,22.65113105416218,12,2,58.311172818548876,1,0
CUS0358,78.57755812734634,13,2,67.07414633993517,0,0
CUS0359,114.02302414249576,25,0,134.58800340798365,0,0
CUS0360,77.54741778758789,45,1,154.77928306711206,1,0
CUS0361,58.816992620652194,19,2,269.6854671004961,0,0
CUS0362,84.32882184423532,55,2,342.4120238964764,1,1
CUS0363,65.82528904915166,45,2,300.45776102639053,0,0
CUS0364,74.56167893159349,8,1,82.69656527186324,0,1
CUS0365,114.14648087765252,53,1,94.32215590178696,0,0
CUS0366,58.610263780077425,55,0,440.5969323985281,0,0
CUS0367,116.11905638239142,32,3,283.5926343814157,0,0
CUS0368,110.53506419560637,51,0,436.2695381198676,1,1
CUS0369,39.57911347892964,44,0,192.05779054673843,0,0
CUS0370,26.936130087516545,70,1,311.0560036413487,0,0
CUS0371,30.077800137742663,18,0,266.59507386675926,0,0
CUS0372,21.82218256515497,22,0,166.37051001202667,0,0
CUS0373,29.44429607559284,37,2,240.2585322964617,0,0
CUS0374,88.30067734163569,56,1,256.22052964519673,0,0
CUS0375,27.1188648460229,59,1,108.37777763077251,1,0
CUS0376,51.89756302937613,3,1,164.35508246459847,1,1
CUS0377,104.48753109694546,28,2,397.79077774841807,0,0
CUS0378,22.327193573582587,35,2,458.7362373325223,0,0
CUS0379,101.44684825889358,61,1,186.29910583719672,1,1
CUS0380,48.185477477339994,54,1,160.4164182824189,1,1
CUS0381,31.816482762165627,63,1,105.64661064022243,0,0
CUS0382,89.67371653641507,7,3,342.4606726387848,1,1
CUS0383,82.8942846779884,49,1,168.31885381650525,0,1
CUS0384,107.74720135270529,31,1,493.99727415860235,1,0
CUS0385,93.50710438038858,58,0,169.58555301133708,0,0
CUS0386,100.34809303848486,61,2,203.1266629234878,0,0
CUS0387,48.20345725713065,24,1,305.633756143897,1,0
CUS0388,37.74395437797228,20,1,402.8253036637394,0,0
CUS0389,95.06147516408583,37,0,240.06414601936052,0,0
CUS0390,100.6834739267264,4,3,217.10145655658957,0,0
CUS0391,119.05051420006733,20,0,497.86253846145604,1,1
CUS0392,61.26176769114265,60,1,15.141884158572777,1,0
CUS0393,57.201808579278314,24,4,448.58199153711047,1,0
CUS0394,97.64129607419969,50,1,83.07900471047134,0,0
CUS0395,54.08035402530179,49,1,395.1033853423676,1,0
CUS0396,113.07573256035647,51,2,312.786464324686,0,0
CUS0397,105.84127518430118,36,1,177.50516989406512,0,0
CUS0398,62.89940273750184,66,1,438.198728205299,1,0
CUS0399,95.08710677914974,34,0,16.324541710686066,0,1
CUS0400,95.45428740846823,36,0,121.0784195167126,0,0
CUS0401,30.312386883593263,6,2,287.77747016227266,0,1
CUS0402,110.25529066795667,39,1,182.25570742435204,0,0
CUS0403,70.52523724478571,42,0,309.08497270598053,1,0
CUS0404,102.64574661077417,58,1,21.813994770246744,0,0
CUS0405,52.00496010306117,12,0,67.06487593603913,1,0
CUS0406,109.55232284962005,3,1,72.27715770703523,0,1
CUS0407,58.92016787341631,18,1,102.74898649884463,0,0
CUS0408,21.083765148029837,40,2,235.07240599226597,0,0
CUS0409,110.53819764192636,21,2,378.54306277634987,1,1
CUS0410,29.128667678613354,15,2,453.71403058516154,0,0
CUS0411,51.93136375904149,26,0,419.33253983928057,1,0
CUS0412,115.0061967050805,8,0,106.47505717008495,0,0
CUS0413,115.06071469375561,42,3,226.16377059300987,0,0
CUS0414,77.34378881232861,44,1,107.71168290168215,0,0
CUS0415,83.18372121697993,14,3,139.59119016692347,1,1
CUS0416,64.84455219783197,2,1,256.7380209408242,1,1
CUS0417,49.32107716980645,37,1,43.37342211452604,0,0
CUS0418,52.8664545369916,69,1,116.90542150070387,0,0
CUS0419,87.25184560770384,38,3,468.3352990404875,0,0
CUS0420,95.237452943768,41,0,238.3969834026596,1,1
CUS0421,99.15790437258485,62,0,228.2393977291574,0,0
CUS0422,98.96181427945538,60,3,17.137905828126662,1,0
CUS0423,29.120610304869036,14,3,131.22587605858942,1,0
CUS0424,69.44203047025815,2,2,434.48329363126885,0,0
CUS0425,25.75587600166443,70,3,90.66792984674768,1,0
CUS0426,74.95288823237355,17,0,213.41122037201333,0,0
CUS0427,64.1530501373377,28,0,17.022143874830615,0,0
CUS0428,108.77041827582998,66,1,244.38438601857237,0,1
CUS0429,55.09150125520787,35,1,20.300342295846406,0,0
CUS0430,31.706701642760585,5,5,411.60868100224195,1,1
CUS0431,34.299168205283586,65,0,414.17834606868075,0,0
CUS0432,96.15106317174723,40,1,395.9936722681612,0,1
CUS0433,81.8218063316261,56,3,148.8483937566479,0,0
CUS0434,30.112267612279023,36,0,420.24623692869085,0,0
CUS0435,28.410680611499743,45,2,276.06908497658196,0,0
CUS0436,90.096913145912,23,1,193.1659733448312,0,1
CUS0437,27.276300636419354,47,1,316.41168025507415,0,0
CUS0438,102.18600592903562,31,2,16.047112569583263,1,1
CUS0439,90.62422271564962,11,0,80.05083002436855,1,1
CUS0440,28.134878064189976,10,2,373.72383370342874,0,1
CUS0441,28.483771408519193,67,0,129.63918827091496,1,0
CUS0442,118.66395785011754,14,0,303.0244674910873,0,0
CUS0443,57.427079575612034,10,0,198.70027538328452,0,0
CUS0444,57.06421470668909,1,2,428.85483161163813,0,0
CUS0445,101.27995672575025,5,1,476.68349993835534,0,0
CUS0446,114.72485773838586,20,2,442.9467169013933,0,0
CUS0447,118.6001063822871,8,2,142.60379739986237,1,1
CUS0448,95.33781852589416,43,0,105.13980583258031,0,1
CUS0449,57.62595855309158,1,1,242.47309787416015,1,0
CUS0450,28.350071669866878,57,4,13.593733909728336,0,0
CUS0451,97.71469159274368,64,1,22.64660250295905,1,0
CUS0452,75.84042497358051,28,2,281.11241341527005,0,0
CUS0453,62.42220092469763,37,1,265.0202080409901,0,0
CUS0454,110.6354385094736,47,2,497.3451746272774,0,0
CUS0455,31.119748230615134,37,0,108.90249932824148,0,0
CUS0456,69.26251042908592,49,1,136.47092528862953,0,0
CUS0457,21.135364476741906,44,0,65.63491473988047,1,1
CUS0458,66.86606419941263,56,1,459.5960747303349,0,0
CUS0459,25.630327568183734,28,3,391.12750978464084,1,0
CUS0460,31.881791626807193,6,1,412.9461646138553,0,0
CUS0461,31.75262467771049,61,0,452.35425610260927,1,0
CUS0462,84.92103021160635,20,0,267.2009934956607,0,1
CUS0463,94.60448792654233,2,0,231.0846638108546,0,0
CUS0464,78.33687650971596,37,1,171.89182209615208,1,0
CUS0465,116.21725484745419,20,2,298.71516103044917,0,0
CUS0466,57.48705795237041,26,1,232.59641442701303,0,0
CUS0467,48.57120862818607,29,4,231.26713743673182,0,1
CUS0468,106.85991281894603,1,2,469.09465322825804,0,0
CUS0469,42.35958385194527,35,1,492.17544199677377,0,0
CUS0470,116.32225394406113,70,1,400.2773507714946,1,0
CUS0471,21.215447468981633,59,1,380.8114642209949,0,0
CUS0472,116.98788267076391,69,1,343.4734992717597,0,0
CUS0473,24.315991195057613,33,0,91.37667764342171,0,0
CUS0474,109.11431136980711,51,1,38.961852229070715,0,1
CUS0475,72.77011090862999,12,2,348.4558944054989,0,0
CUS0476,119.29647961193004,20,1,367.10524890572225,1,0
CUS0477,27.379656473539885,53,3,33.0167656380885,0,0
CUS0478,75.38542844013207,43,0,464.7453576121356,1,0
CUS0479,116.9302535619099,50,0,54.658913327891995,0,0
CUS0480,72.30978441701488,29,1,150.09126154788916,0,0
CUS0481,82.93986381352626,57,1,339.4710082713652,0,0
CUS0482,89.57486889846172,39,0,93.2375712581934,0,0
CUS0483,65.45410647677733,56,2,37.15378533669977,0,0
CUS0484,82.75580800840635,43,1,172.2617796904334,0,0
CUS0485,78.43143119231003,50,2,385.32607167903774,1,0
CUS0486,110.11580104909889,23,2,212.70255270277755,0,1
CUS0487,24.544638034145787,44,0,329.95673173489024,1,0
CUS0488,48.096318959223034,38,0,294.01335764178697,0,0
CUS0489,115.04114840765587,23,1,20.887056192534402,1,1
CUS0490,109.02637838909163,45,1,494.3845936523963,1,0
CUS0491,65.56567527857129,52,1,30.2997635215,0,0
CUS0492,82.01325978015367,50,0,484.22334144775766,1,0
CUS0493,47.73811829811327,8,1,279.4334473985551,0,0
CUS0494,38.812115972376134,1,0,481.9479232618826,1,0
CUS0495,66.36984049399821,8,0,66.22926371277937,0,0
CUS0496,55.33522280260528,29,2,250.30017440090148,0,0
CUS0497,78.3656111850872,5,0,93.05700501436873,1,0
CUS0498,27.773463696498485,47,0,34.97768974099678,0,0
CUS0499,117.43948076661665,34,2,312.58926638053265,0,0
CUS0500,118.62107444796028,65,3,111.8138762712288,1,0
CUS0501,89.81617140197451,55,0,297.97153896089753,0,1
CUS0502,73.60963663441204,43,0,65.05859615500296,0,0
CUS0503,50.95276162863277,30,0,172.67337100202437,0,0
CUS0504,101.37950197069486,17,0,392.9999534460911,0,0
CUS0505,88.47311725538793,26,2,224.15524570267195,1,1
CUS0506,36.26169393448913,8,2,317.59525329969483,0,0
CUS0507,111.09271844938425,47,1,327.2543909653175,0,0
CUS0508,102.2537242923169,46,1,423.4399715537739,0,1
CUS0509,114.9799913291924,68,0,169.21216925925424,1,1
CUS0510,92.571950838836,33,1,346.7748256654336,0,0
CUS0511,81.34151959357898,1,1,481.1917454526212,0,1
CUS0512,61.82430362906189,19,0,367.81923383535536,1,0
CUS0513,113.27284833540132,31,2,250.03653359169482,0,0
CUS0514,106.60638895004084,14,2,319.05154780104533,0,0
CUS0515,24.52186701061894,53,0,372.444619903923,0,0
CUS0516,22.6366974497252,48,2,310.0151251899975,0,0
CUS0517,57.64633668780496,69,0,18.171148610021184,0,0
CUS0518,101.0553330781833,62,0,105.43901386674067,0,0
CUS0519,118.72761293149445,66,1,407.12942643557835,1,0
CUS0520,35.04168911035282,64,0,143.5988171831175,0,0
CUS0521,79.41307153521352,70,1,368.4654385849556,1,0
CUS0522,58.08908566310215,63,0,192.33890546843236,0,0
CUS0523,116.99143978146031,33,0,265.72332079739215,1,0
CUS0524,104.21189231357087,41,0,43.30691691150781,1,0
CUS0525,103.83287047111378,48,0,98.80052491435768,0,0
CUS0526,66.86931597949703,13,1,479.0265121244249,0,0
CUS0527,61.48195023376652,31,0,446.1676461889879,0,0
CUS0528,47.34070719307062,68,2,329.6148043405346,1,0
CUS0529,25.637549665092713,4,1,235.2258527190113,1,1
CUS0530,106.47223762550531,19,1,341.12303351865967,0,1
CUS0531,101.29010091300776,70,1,313.1190416560301,0,0
CUS0532,119.97176732861305,13,0,288.59060524625994,0,1
CUS0533,119.66368370739053,23,1,38.99676521313549,1,1
CUS0534,75.54317056026275,1,3,320.0732792241384,0,0
CUS0535,96.89874151805105,54,1,386.7708218398725,0,0
CUS0536,114.47657298824281,71,2,497.100010776332,0,0
CUS0537,104.96473906774115,15,1,15.428490771211742,0,0
CUS0538,44.73481017431977,65,1,367.78499212223153,1,0
CUS0539,65.05441353100935,71,3,290.1767648086304,0,0
CUS0540,32.9159415151495,15,3,222.6855662796688,0,0
CUS0541,115.40510272587224,21,0,72.50938553997173,0,0
CUS0542,80.617463445088,19,2,210.45172283108934,0,0
CUS0543,42.86428055034627,60,0,183.6448196632063,0,0
CUS0544,87.17006844058567,33,4,158.3866455995837,1,1
CUS0545,81.81282404578958,49,0,368.1310154278818,1,0
CUS0546,55.81627180328405,35,0,353.3555054292893,0,0
CUS0547,31.355759219962902,44,0,298.61984458064666,0,0
CUS0548,87.15731955927996,11,1,469.9457585137524,1,1
CUS0549,72.03077009037933,66,2,181.42864824861869,0,0
CUS0550,97.23183917356393,46,2,129.462949477988,0,1
CUS0551,72.01635011119934,9,0,331.3926234182158,1,0
CUS0552,105.21815003185401,3,0,107.41888985932745,1,1
CUS0553,75.19068387744855,26,0,164.35514851987804,1,0
CUS0554,76.09379715353863,48,1,120.05519563669357,1,1
CUS0555,107.66536026583451,66,0,43.8852481820656,1,0
CUS0556,60.3482866212397,70,2,415.47438340147994,0,0
CUS0557,33.40152284506407,28,1,134.72486603161397,0,0
CUS0558,22.878267631333898,26,3,241.78347663808015,0,0
CUS0559,95.5137255673619,25,0,31.224483894612856,0,0
CUS0560,82.03095513534646,12,2,352.6763384637951,0,0
CUS0561,90.40797680992236,5,2,171.9748911300825,0,1
CUS0562,41.296416150891076,48,2,374.9209966363129,0,0
CUS0563,33.63714755867698,37,0,212.0774996292544,0,0
CUS0564,21.45446656678819,44,1,105.92024713875607,0,0
CUS0565,55.058755880659696,15,1,261.4557903181976,0,0
CUS0566,78.99176868546331,43,1,73.9472342223455,0,0
CUS0567,59.22440450997323,48,2,225.86418833776742,1,0
CUS0568,63.747492202372904,70,1,165.4796839360384,0,0
CUS0569,110.41586944937484,46,1,456.86019625782023,0,0
CUS0570,54.82554670233004,43,1,39.85507364315277,1,1
CUS0571,71.39894891598108,21,1,350.0685329118136,0,0
CUS0572,98.3653012741143,23,1,99.5480713338436,0,1
CUS0573,59.65427823212701,47,1,166.33208642279752,0,0
CUS0574,82.20867002278735,15,1,213.60189090041231,0,0
CUS0575,106.23637087467452,25,1,454.92739379373734,1,0
CUS0576,114.9520623657642,36,2,128.86335037617434,0,0
CUS0577,34.70734809290379,51,0,54.74131324688841,0,0
CUS0578,112.65876251614944,15,0,166.15790595535657,0,0
CUS0579,69.21162930795381,68,0,61.29122556241134,0,0
CUS0580,45.82443882989583,21,0,73.01227812067073,0,0
CUS0581,65.91357562382613,13,1,291.1867930077631,0,0
CUS0582,118.0032575285477,19,0,39.84194721875173,0,1
CUS0583,69.26180939928696,34,1,25.156131882847358,0,0
CUS0584,52.875161028750824,68,2,360.0629097205439,0,0
CUS0585,83.34008543167258,52,0,187.20707647211182,0,1
CUS0586,44.014561877819304,27,1,71.4339211245979,0,0
CUS0587,27.58633281086639,29,3,134.27025772125702,1,0
CUS0588,32.887972191064925,28,2,324.6223886026755,0,0
CUS0589,32.80458389577724,35,0,145.01291789901708,0,0
CUS0590,35.19026935122943,8,1,252.31535130899988,0,1
CUS0591,33.882717264941014,16,1,69.63070029606942,0,0
CUS0592,84.08747448032146,36,1,298.16588242666904,1,0
CUS0593,38.18800843991448,30,3,164.8780650831994,0,0
CUS0594,54.56672833238632,18,2,317.2145329190711,1,0
CUS0595,109.67884099060119,2,1,406.11349232897123,0,1
CUS0596,67.39616402628724,49,1,309.7067455010963,1,0
CUS0597,86.75577385210272,4,2,154.91630567156014,0,0
CUS0598,37.231987120162984,7,1,135.3144137586672,1,0
CUS0599,39.22890188086708,39,0,170.43626977938953,0,0
CUS0600,24.086861626647888,13,0,90.66405148588737,0,0
CUS0601,36.893506307216455,31,0,98.77420691650984,0,0
CUS0602,47.859033903195865,71,1,397.43863993108226,0,0
CUS0603,37.70104842767468,63,1,198.51896248864804,1,0
CUS0604,28.870253375705563,56,1,223.63763847958705,0,0
CUS0605,32.063587110060084,42,1,301.0842381277375,0,0
CUS0606,66.07787680327257,61,1,298.93021262425833,0,0
CUS0607,40.63337184057925,42,1,43.01466704574361,0,0
CUS0608,56.42698610480755,56,1,417.45498530545615,0,0
CUS0609,70.34172708548569,36,1,96.89001107973031,0,0
CUS0610,89.03948286293652,68,1,364.3051016643377,0,0
CUS0611,23.931213984109895,7,1,388.6087841828016,1,1
CUS0612,99.94103989090426,54,0,360.3007717047437,0,0
CUS0613,82.79003894909077,1,1,293.69904681153116,0,1
CUS0614,28.17590319488719,44,3,17.1584085833526,1,0
CUS0615,107.35786241067773,45,1,186.58399125795364,0,1
CUS0616,112.08724005318132,47,3,306.37132038766475,0,0
CUS0617,26.107795985486376,13,1,199.85113500204395,0,0
CUS0618,47.687764814720374,22,1,433.1051485072784,0,0
CUS0619,100.62012797930613,21,2,161.31311492131152,0,1
CUS0620,94.82596903836584,9,0,153.8320483047436,1,1
CUS0621,38.452101935637735,26,1,140.33886961540242,0,0
CUS0622,40.93493233367103,9,1,173.0626257907898,0,0
CUS0623,57.0472102791382,15,0,283.12843251395174,1,0
CUS0624,68.45229851910213,10,0,356.4374941935695,1,0
CUS0625,81.8254771530296,42,1,334.65827969200467,0,0
CUS0626,56.891363956977244,24,2,405.781731790925,0,0
CUS0627,66.25347161331479,49,3,444.09785779373817,0,0
CUS0628,94.74709381337566,26,2,409.8787307482421,1,0
CUS0629,23.66832028905979,37,1,19.28324765343374,1,0
CUS0630,45.24369443440207,68,2,370.59979724047446,0,0
CUS0631,91.33495858845524,50,0,112.11579107298249,0,0
CUS0632,109.52068376871993,24,1,75.13474092691149,0,0
CUS0633,71.16774421156661,19,2,322.8595045515764,1,0
CUS0634,73.21134852653157,60,3,166.6741657497705,0,0
CUS0635,30.717201133977603,39,0,37.987410051517195,0,0
CUS0636,64.74123668234546,18,0,77.43856985519706,1,1
CUS0637,73.26172664550232,19,0,10.455414266280922,0,0
CUS0638,44.247050363472965,36,1,452.57957739890657,0,0
CUS0639,46.924323094938096,55,1,22.062812082206907,0,0
CUS0640,57.728416310462265,69,2,112.63332705966042,0,0
CUS0641,22.007119777772637,47,0,213.9687625370746,0,0
CUS0642,52.20791655831783,49,1,184.71994971590135,0,0
CUS0643,41.14480069965447,33,0,456.7456796872601,0,0
CUS0644,52.74973521779147,21,0,29.741583409925635,1,0
CUS0645,31.97621318192512,22,1,260.98520676175525,0,0
CUS0646,109.0527280739895,48,1,343.43493663694323,0,0
CUS0647,79.35924535540487,37,1,466.5320071037727,0,0
CUS0648,87.91023191444896,15,2,313.9819135406233,1,0
CUS0649,98.91712386073382,35,1,403.84006564576373,1,1
CUS0650,69.84421989290573,71,1,51.02521954422072,0,0
CUS0651,28.692028808742368,32,1,199.11036035909441,0,0
CUS0652,73.71065418185478,11,1,193.23409589474306,0,1
CUS0653,78.68411180208791,10,2,444.28122606330163,0,0
CUS0654,94.54394741843299,57,0,84.17187391900471,0,0
CUS0655,63.16595462296794,25,0,84.42422444494883,1,0
CUS0656,32.75803027955638,2,0,170.99349344404123,1,0
CUS0657,48.37759057987245,64,0,36.68836320975041,0,0
CUS0658,56.30822963986351,35,0,99.40443991972012,1,0
CUS0659,84.59172413316013,7,0,482.95272288741023,1,1
CUS0660,77.07783046689119,18,3,219.8101305349147,0,0
CUS0661,55.60967258978462,67,3,319.68941212699383,0,0
CUS0662,118.65152487929797,42,1,365.7945170788721,1,0
CUS0663,80.57748193568871,39,0,189.81108943352822,0,0
CUS0664,43.722679173599445,41,1,82.14126646115331,1,0
CUS0665,30.178247262040372,24,0,111.2246979486726,1,0
CUS0666,35.2859139184332,60,2,163.50057352449906,0,0
CUS0667,44.59577283845081,46,3,321.6735259725906,1,0
CUS0668,36.06813732595557,19,0,205.15746905363667,1,0
CUS0669,38.656702405130574,68,4,13.339201971062778,0,1
CUS0670,48.50951686938471,42,2,266.4695206830612,0,0
CUS0671,37.337359529475485,32,1,461.54156203463475,0,0
CUS0672,109.67654246264252,39,0,407.9180293942527,0,1
CUS0673,28.02337456616422,36,3,414.3535719172192,0,0
CUS0674,72.45113895702546,36,1,399.57842862700426,0,0
CUS0675,61.03968269896615,3,1,168.6281045491076,0,0
CUS0676,118.23786169086064,8,0,384.9449785396521,0,0
CUS0677,31.203890216805235,70,0,80.14906532748456,1,1
CUS0678,59.785559904574164,41,1,332.2809121652172,1,0
CUS0679,116.94704332753689,68,1,324.36859767564727,1,1
CUS0680,106.55071258939803,13,1,22.529201553969987,0,0
CUS0681,101.707207094928,49,1,396.1053654595565,1,0
CUS0682,45.79028270449398,60,0,452.59157149661394,1,0
CUS0683,37.08875873900658,2,0,141.03348645133275,0,0
CUS0684,86.8643219924431,60,0,408.07145485121396,0,0
CUS0685,112.93759891275857,5,0,50.37892621235462,0,1
CUS0686,75.67628930139298,44,1,303.98425054792233,1,0
CUS0687,77.16126894698999,27,2,247.9669640137958,0,0
CUS0688,47.997909366028416,32,2,277.50253132141,0,0
CUS0689,96.94929331919369,21,1,463.8405489233291,0,0
CUS0690,38.704374855752334,8,1,436.94447115095824,0,0
CUS0691,52.367923640424365,50,1,394.69099204748096,0,0
CUS0692,62.54364386164168,67,2,144.1122442624018,0,0
CUS0693,70.7610378684455,44,1,456.7911280561849,0,0
CUS0694,44.24097324150802,58,0,57.77876930729887,1,0
CUS0695,31.483682473920354,3,0,428.131316113806,0,1
CUS0696,81.06200424416326,70,1,170.7984354532678,0,0
CUS0697,48.86305532402558,2,2,36.34843271437185,0,0
CUS0698,78.12382214226123,44,1,337.9849222779667,0,0
CUS0699,35.43627152742023,2,0,123.32716487481817,0,1
CUS0700,68.11401018548175,35,0,129.34985167366963,0,0
CUS0701,73.25894325515858,30,1,159.96311145209802,1,1
CUS0702,25.18235368224269,8,1,41.205536076233194,1,1
CUS0703,53.660427819392055,22,0,96.79230065714448,1,1
CUS0704,33.44146769389742,44,2,12.518417516924549,0,0
CUS0705,26.337497047276774,58,0,228.25066534183554,0,0
CUS0706,118.99602323899452,36,1,51.28513493480593,1,0
CUS0707,52.235384497472296,69,1,344.4997764716575,0,0
CUS0708,100.98744458546349,31,1,125.4551970839077,0,0
CUS0709,45.46406547637638,47,0,472.3513305772368,0,0
CUS0710,88.15027222239293,55,1,436.91329742533975,0,0
CUS0711,96.02278598896865,62,2,151.82603853442203,0,0
CUS0712,79.56387406078443,30,1,393.7755727817726,1,0
CUS0713,67.15761885501584,55,1,403.5900032857551,0,0
CUS0714,61.18409141472685,16,1,493.4159259160611,0,0
CUS0715,54.88682665429953,12,0,302.94159355438563,1,0
CUS0716,112.95291442478259,17,3,50.16320997539447,1,0
CUS0717,103.06194077877291,16,2,326.95024217392665,0,0
CUS0718,116.50269106665125,12,0,316.24007670425726,0,0
CUS0719,32.42972234855447,8,1,322.79178293601154,1,1
CUS0720,93.08674752036443,3,2,160.50136757106364,1,1
CUS0721,113.83404568210378,16,1,431.2429966893631,0,0
CUS0722,38.12330661656601,30,1,480.14136964815185,1,0
CUS0723,26.64962673667775,23,2,116.67913135929425,0,0
CUS0724,94.11206492900591,5,0,53.19455748695578,0,1
CUS0725,77.4473113179912,65,2,105.3221662525572,0,0
CUS0726,104.1828776758272,30,2,412.0705482353022,0,0
CUS0727,33.97723766262895,21,4,341.55587106172527,1,0
CUS0728,99.52673118598902,70,0,321.66319774617205,0,0
CUS0729,40.162732004774455,22,1,206.87863620361802,0,0
CUS0730,36.36559428657045,32,2,293.1357060406035,0,0
CUS0731,36.42657979309929,33,3,160.85832138444005,0,0
CUS0732,101.45747202313821,16,0,243.82803891480103,0,1
CUS0733,86.51972206962002,38,2,398.6008839016214,0,0
CUS0734,72.30654247691193,14,1,490.80838275317643,0,0
CUS0735,55.88304841235025,36,4,466.9195725590029,1,0
CUS0736,107.72005408131082,23,4,467.5943119946619,0,0
CUS0737,59.244510742263536,66,1,207.08963007508507,0,0
CUS0738,101.65994394715771,2,0,239.70704144832754,1,1
CUS0739,63.91349085702184,65,0,355.76134422080094,0,0
CUS0740,57.69444294249076,67,3,461.87404474512925,0,0
CUS0741,66.26797856696065,52,0,79.57718708252148,1,0
CUS0742,50.137787416414206,62,0,159.07851327532592,0,0
CUS0743,94.76093801762511,23,0,78.23095385111367,0,0
CUS0744,70.27203900924792,26,0,309.8841796801331,0,0
CUS0745,43.22126951468173,68,0,160.0874884748934,0,0
CUS0746,109.95745732745685,55,2,169.792847731161,1,1
CUS0747,58.38912213732114,6,0,44.748820149109825,0,0
CUS0748,74.35528611139885,35,1,181.40007028572003,1,1
CUS0749,110.6472110964547,22,2,432.6232886267768,1,0
CUS0750,82.42379959139922,43,1,124.20567782650913,0,0
CUS0751,31.689804070836406,15,2,350.6418584429322,0,0
CUS0752,113.98321236134751,60,0,318.5178890199104,0,0
CUS0753,82.77080530714179,12,1,433.1074581008665,0,0
CUS0754,53.49056146570861,49,1,74.82109434900873,0,0
CUS0755,33.927207266338726,42,1,489.01908056907115,1,0
CUS0756,99.4025189270296,38,1,295.4880365597791,1,0
CUS0757,82.00727559285136,45,1,497.78233464993906,0,0
CUS0758,73.34610919763215,35,3,456.6422156742669,0,0
CUS0759,109.38925830509577,30,2,118.54346333542183,1,0
CUS0760,98.85972112245308,30,1,37.51938485262342,0,1
CUS0761,35.167487973275115,6,2,135.26315595972716,1,1
CUS0762,51.17220677955482,67,2,268.50618800971574,0,0
CUS0763,44.84891398144657,7,2,94.0822198619431,0,0
CUS0764,94.3946292572677,52,1,92.05527481381436,1,0
CUS0765,23.353243473577937,14,0,236.67083808152503,0,0
CUS0766,76.98896848713166,15,1,26.301305872985626,1,0
CUS0767,96.24586857406905,21,1,69.72516044081253,1,0
CUS0768,107.67656367617495,35,1,213.7720563098943,0,0
CUS0769,54.20817487159075,66,0,40.93365551190357,0,0
CUS0770,102.12573046720128,2,1,204.40997766320936,1,1
CUS0771,31.063173695520724,35,4,242.2630703147381,1,1
CUS0772,104.64522917345182,20,2,231.12064089582606,0,0
CUS0773,32.74886623319824,10,0,435.8956801275128,1,0
CUS0774,59.72872905603673,25,1,269.7306029753489,0,0
CUS0775,99.72953657795536,66,2,239.31042661424124,0,1
CUS0776,34.99174273487738,25,0,211.24753024191645,1,0
CUS0777,42.92513952326415,54,2,410.6354553691982,0,0
CUS0778,92.22525683930662,33,2,448.57773595991824,1,0
CUS0779,92.00365365460743,36,2,428.0888099065876,0,0
CUS0780,84.11476328852973,14,2,340.0378232843815,0,0
CUS0781,89.39484444671,65,0,77.30725552465037,0,0
CUS0782,74.27244433475961,54,0,145.666285051086,0,0
CUS0783,45.179905890695274,52,2,32.57090120416894,0,0
CUS0784,54.56959935039195,3,2,466.10379674515593,0,0
CUS0785,38.15977168014257,41,0,333.7912795485461,0,0
CUS0786,110.84505613336283,6,1,375.7178133134883,0,0
CUS0787,78.33917947661205,25,2,162.67015239529218,0,0
CUS0788,60.08514167636399,13,2,424.3702259158978,1,0
CUS0789,66.20058036441327,8,0,137.20560901715447,0,0
CUS0790,114.72833396118153,21,1,10.805440985100345,0,0
CUS0791,35.33514031160802,68,1,194.44333163514003,0,0
CUS0792,78.62298320167973,25,1,289.673125669946,0,0
CUS0793,70.5888678884466,68,1,244.56538040310605,0,0
CUS0794,81.14542354346479,45,0,432.41730986253253,0,0
CUS0795,21.81101838208405,60,0,61.6485901185218,0,0
CUS0796,107.21239089441515,12,0,281.3734859105255,1,1
CUS0797,113.21182824836124,32,0,261.35988141224465,1,0
CUS0798,76.5133183589209,13,1,147.88256126435988,0,0
CUS0799,89.66508238768922,31,0,412.8917751627352,0,0
CUS0800,112.24993811772957,20,1,378.8958413822811,0,0
CUS0801,90.72386343133986,18,0,369.1010017925972,0,0
CUS0802,35.25390429142613,60,0,439.33431435208246,0,0
CUS0803,77.62883601668132,63,1,364.16445430454536,0,0
CUS0804,80.67150463828558,6,2,123.60223294021596,0,1
CUS0805,62.4130671302386,32,1,355.72572870834864,0,0
CUS0806,93.64442356247228,43,0,160.7743785610235,0,1
CUS0807,113.43670147690149,2,2,128.66557867026057,0,1
CUS0808,112.55685129067763,60,0,45.77176052081739,0,1
CUS0809,65.08393714041321,23,2,374.5740043703616,0,0
CUS0810,31.323804584075525,31,0,358.3904713554075,0,0
CUS0811,118.48411989623345,5,0,124.90474406030593,0,0
CUS0812,103.88980864459342,34,0,377.19571819483645,0,0
CUS0813,32.46626812032668,10,3,459.742032715841,0,0
CUS0814,112.08418826173724,2,1,62.934189170873836,0,0
CUS0815,106.98963620621282,11,0,123.99195280951973,0,0
CUS0816,71.88380571260721,50,0,377.6277891027846,0,0
CUS0817,79.12754357449292,31,0,144.50827001846835,0,0
CUS0818,59.90027038701302,56,2,316.0853473990212,0,0
CUS0819,25.47616388220313,9,0,49.77046998722011,0,1
CUS0820,53.519724164590095,21,0,231.57921476073398,0,0
CUS0821,100.28534485980114,28,0,372.154796776547,1,0
CUS0822,20.463202300460285,62,3,346.39183209119375,0,0
CUS0823,53.34991716911442,7,1,409.38532933114533,0,0
CUS0824,59.81686935909433,16,1,439.95154203555273,1,0
CUS0825,73.7395602937923,4,2,388.8599156167915,1,1
CUS0826,111.98556164127605,4,1,339.07799404007375,0,0
CUS0827,54.634599436596126,40,1,25.544020989855262,0,0
CUS0828,54.69532018962277,17,3,272.1336699706276,0,0
CUS0829,93.75012481097484,52,2,28.471885208277868,0,0
CUS0830,65.22179408898072,52,1,405.9532303868511,0,0
CUS0831,42.4604822939982,36,3,167.1550169853792,0,0
CUS0832,65.24395161326935,38,0,285.59039331778126,0,0
CUS0833,34.085702037979985,50,1,146.92820058626228,1,0
CUS0834,37.63869865062233,63,2,393.42507074634386,1,0
CUS0835,69.83677727394797,63,2,444.38623805453227,0,0
CUS0836,61.89254495045479,62,1,205.33482216440134,0,0
CUS0837,111.48459010681,7,1,432.8319728203846,0,0
CUS0838,56.23938991166331,27,2,140.86675365360287,1,0
CUS0839,78.05883502780435,14,2,271.98385230700666,0,0
CUS0840,83.22642879195304,71,1,430.79310062096494,0,0
CUS0841,21.309445658833365,5,0,169.6818578817373,0,0
CUS0842,86.35373720167107,55,1,477.480709888262,0,0
CUS0843,37.80359668697514,2,2,69.72095587287798,0,0
CUS0844,116.10703174694551,62,1,18.954784164518053,1,1
CUS0845,34.866272775311295,21,1,453.02632276331343,0,0
CUS0846,61.462412372702374,21,0,43.6378464124574,0,0
CUS0847,28.534966807864386,10,1,496.02570601427095,0,0
CUS0848,119.68742518459473,58,0,476.184462369762,0,0
CUS0849,70.21950103312426,39,0,77.14024591779713,1,0
CUS0850,79.53850173200438,5,5,273.41646658935724,1,1
CUS0851,26.70764773884275,65,0,100.61094575890073,1,0
CUS0852,94.99604703991778,13,2,219.79603478475872,1,1
CUS0853,40.99055930955858,53,2,40.09831333731801,0,0
CUS0854,109.80542894407138,45,1,119.72304802032886,0,0
CUS0855,40.51396404820072,32,1,188.00367023546076,0,0
CUS0856,39.068772066366655,36,2,224.93727512056685,1,0
CUS0857,23.65496678480949,60,1,488.97316652235764,0,0
CUS0858,67.20669451099992,11,1,405.8541663851508,0,0
CUS0859,76.48411332626165,63,1,371.33087271285365,1,0
CUS0860,26.57086394283524,21,1,273.15024422356737,0,0
CUS0861,97.55276166950105,52,5,421.5989026961283,0,0
CUS0862,65.32888347480277,55,0,176.26818947129843,0,0
CUS0863,72.439026932758,26,1,357.36056525892485,0,0
CUS0864,64.07627469382281,68,1,496.9541479353043,0,0
CUS0865,60.0763060875326,34,3,164.1681653782474,1,0
CUS0866,75.96403313082179,52,0,340.268592093144,0,0
CUS0867,35.52402459307125,52,2,423.7142834346674,1,0
CUS0868,38.19281304952711,29,4,458.7457158418294,0,0
CUS0869,106.17856210135173,38,0,361.78701856064987,0,0
CUS0870,114.61154621336327,42,1,148.96788247439676,1,0
CUS0871,57.330931627975296,21,0,169.87825426878376,0,0
CUS0872,47.074467314355374,42,0,20.171435740742464,0,0
CUS0873,84.39995432390158,13,1,382.83412905903975,1,0
CUS0874,60.87341710980964,64,0,30.942406970356174,0,0
CUS0875,22.538635566034486,17,0,433.6796537553454,0,0
CUS0876,35.61525973661904,9,0,68.14370109252401,0,1
CUS0877,91.59722288473975,41,2,94.21949094660289,0,1
CUS0878,85.89239419101514,1,0,243.49797070779627,0,0
CUS0879,22.709599250348347,2,0,371.56140343268373,0,0
CUS0880,42.19721619329494,60,2,78.11108054754807,1,0
CUS0881,43.10747965880714,48,0,225.63482678258424,1,0
CUS0882,87.18927435987284,29,1,246.59712446095133,0,0
CUS0883,21.971053775436417,10,1,114.01996441760974,0,0
CUS0884,30.410858198457383,58,1,66.62360457350955,0,0
CUS0885,99.99160853731894,60,1,419.8462522629634,0,0
CUS0886,37.85446620543336,21,0,256.2081683837551,0,0
CUS0887,85.27461078518748,28,0,17.046805632234957,1,1
CUS0888,43.81827810467265,34,0,403.4608376414609,1,0
CUS0889,29.944139275934518,8,1,490.58896465314655,0,0
CUS0890,44.31721909994541,59,4,306.9038357529812,0,1
CUS0891,92.22669318556592,49,0,256.81710967119466,0,1
CUS0892,105.56964681062857,17,0,440.4237728920312,0,1
CUS0893,103.02198645669915,60,0,476.73322694545334,0,0
CUS0894,59.71835296184548,45,1,379.72308879220566,1,0
CUS0895,86.80851365706462,69,0,228.27193556980106,0,0
CUS0896,40.4984295415821,32,2,300.1884856724058,1,0
CUS0897,49.31477302610133,44,0,353.45832885881964,0,0
CUS0898,109.63358185211197,65,0,105.1940497908827,0,0
CUS0899,21.300192351073605,8,2,229.12850578605463,0,1
CUS0900,28.550853085446807,43,0,416.61241971146967,0,0
CUS0901,40.788625514602735,1,0,330.81542076423705,0,0
CUS0902,22.65322038738197,51,0,211.4899929338085,0,0
CUS0903,38.14354350897973,24,2,335.0476416671939,1,0
CUS0904,78.30415609696922,24,1,67.92898191550533,0,0
CUS0905,62.1424550592498,17,2,206.73382917678938,0,0
CUS0906,109.26717110769748,5,1,398.63298360189765,1,1
CUS0907,101.7443561738441,20,0,118.04930569695753,1,0
CUS0908,54.1817351697876,21,0,101.12113870313468,1,0
CUS0909,45.942343343129245,58,1,475.9011433590514,0,0
CUS0910,57.96924081672669,31,4,112.84983849725305,1,1
CUS0911,79.02949425148077,11,1,137.85010402858236,0,0
CUS0912,46.80636408228763,52,2,485.1118100631256,0,0
CUS0913,82.4148907849134,15,2,370.00719942986257,0,0
CUS0914,60.941165219124045,7,1,352.80230118152883,0,0
CUS0915,75.20471808519802,28,0,427.93392808874484,0,0
CUS0916,63.61265291353167,51,0,66.7533102960292,0,0
CUS0917,49.446575954191765,58,0,355.91855592420353,0,0
CUS0918,114.84533069621567,5,1,256.80741857083706,0,1
CUS0919,96.36057941597608,5,2,416.28381373922855,0,0
CUS0920,34.011317576645254,8,1,258.9894421459452,1,1
CUS0921,106.84679758979128,64,1,313.91826359176696,1,0
CUS0922,68.74311982495136,10,0,244.0936419357726,0,0
CUS0923,109.45522268940914,38,1,244.29787254236362,1,1
CUS0924,99.98552559473153,8,0,386.30528925029745,0,1
CUS0925,62.52135044692334,25,0,317.9975363171688,0,0
CUS0926,22.24693083201174,66,0,320.2989687886111,0,0
CUS0927,46.867735938494604,50,1,230.63841707744766,0,0
CUS0928,74.16342146608669,67,3,270.2436532053885,1,1
CUS0929,83.34782198261473,49,1,375.4016564403458,0,0
CUS0930,45.78876854332023,36,3,414.71105036483993,0,0
CUS0931,33.93560740728241,68,0,351.31508705058263,0,0
CUS0932,103.4930236799299,41,1,462.7957645343847,0,0
CUS0933,118.44021807035521,62,0,411.95880319212847,1,1
CUS0934,72.56901823026858,10,1,285.31325700666406,1,0
CUS0935,37.16792858483035,21,0,338.98897559543104,0,0
CUS0936,47.2307326519369,36,0,463.89105569138604,1,0
CUS0937,21.839067654746675,12,0,313.3923416790986,0,0
CUS0938,111.4298806560499,2,1,414.155404510117,1,1
CUS0939,31.775108289014113,13,2,347.5171467590937,0,0
CUS0940,77.65164755142536,53,3,280.4488169196286,0,0
CUS0941,47.4055220687206,32,2,128.50071575352302,0,0
CUS0942,75.41780025157934,16,0,218.73878453952977,0,0
CUS0943,85.14203883518643,32,1,484.19398416852067,0,0
CUS0944,102.97418037072016,32,1,332.305037803574,0,0
CUS0945,40.64212717606032,11,2,286.5537363661049,0,0
CUS0946,21.09958286584805,10,0,467.1487465088314,1,0
CUS0947,33.68856300688073,15,2,297.39077270834986,0,0
CUS0948,110.00186418481051,17,0,267.78043402452744,0,0
CUS0949,107.38900775625153,40,0,382.0623190236006,0,0
CUS0950,79.74131021703083,18,0,359.2061533034068,1,0
CUS0951,80.05168604336534,55,1,104.64840412013204,0,0
CUS0952,86.50366745462554,25,1,240.94105454131937,1,0
CUS0953,37.53712786234496,59,1,241.53256698159677,1,0
CUS0954,111.44119459249598,22,0,195.33001246923894,0,1
CUS0955,61.87705248920731,30,2,263.473806254604,0,0
CUS0956,58.31385282494975,44,2,212.42262488630067,0,0
CUS0957,71.89177052828376,32,0,107.67928984087973,0,0
CUS0958,24.696596677505504,51,2,212.0595787645937,1,1
CUS0959,36.62833687560794,46,2,45.41570431085653,1,0
CUS0960,93.80336164263704,21,2,292.13507275946165,0,0
CUS0961,28.279866792512646,32,0,428.29072898114487,0,0
CUS0962,80.31521094663881,39,3,365.3906713337321,1,0
CUS0963,44.534910968132095,12,2,186.5930796265145,0,0
CUS0964,58.929561404197656,47,0,52.66489073288101,0,0
CUS0965,48.86937367706999,18,0,109.05320562038267,0,0
CUS0966,55.567271646494916,21,0,277.29026684246946,0,0
CUS0967,91.90459051842456,13,1,111.4579708576861,1,0
CUS0968,49.7121715623175,21,1,276.5468245296341,0,0
CUS0969,76.64046402968972,8,0,123.48352213431048,0,0
CUS0970,67.60504021990997,46,2,425.9726960432757,1,0
CUS0971,86.36711653626482,7,0,204.66302169182526,0,0
CUS0972,113.6829739324758,23,1,130.3198067128006,1,1
CUS0973,93.25720972102503,22,0,408.0398283210602,0,0
CUS0974,41.494037859075675,22,1,177.99109275467086,0,0
CUS0975,23.118313506128466,29,1,64.62896704100315,1,0
CUS0976,46.22640442998251,13,0,289.50065078778437,0,0
CUS0977,79.50779307002549,2,0,294.9664601746145,0,0
CUS0978,25.142581348425036,29,0,360.20088086550976,0,0
CUS0979,69.63662472012363,52,0,127.70752227210893,0,0
CUS0980,79.68428489168892,27,0,227.4479561552001,0,0
CUS0981,53.424389081696084,50,1,148.36028033090156,1,0
CUS0982,97.09122037458219,23,2,49.66733069668718,1,0
CUS0983,30.65982531337718,44,0,439.5407752377869,1,0
CUS0984,27.513778173580874,22,1,367.1462041992872,0,0
CUS0985,92.81887562036033,43,0,157.71689913481234,0,0
CUS0986,69.54913162061985,37,2,303.6927665072733,0,0
CUS0987,88.84023964277361,61,0,108.61925618589149,1,1
CUS0988,63.48273386037462,56,1,446.21594467992776,0,0
CUS0989,44.64020332391068,3,1,66.30410824733605,0,0
CUS0990,101.91023176741997,63,3,11.88020129882244,1,1
CUS0991,99.94158789689793,19,1,255.98401689219926,0,1
CUS0992,89.46964708544267,23,0,295.732633491906,0,0
CUS0993,47.21451372299627,29,0,293.69300694494416,1,1
CUS0994,79.0230666869087,30,2,36.710844444534885,1,1
CUS0995,56.09738969400268,39,0,163.8814653900319,0,0
CUS0996,29.158207332663416,25,1,254.60748395225258,0,0
CUS0997,111.73135754622427,8,1,116.12380095734802,1,1
CUS0998,33.68186309189614,58,1,437.5866838880892,0,0
CUS0999,115.02373538208025,16,1,52.68355183610268,0,1
CUS1000,64.60057729579557,1,0,248.81837641930102,0,1
